"","Chisq","Df","Pr(>Chisq)"
"bin",4.21077103002823,5,0.519486378895205
"genotype",7.77221938588072,2,0.0205250396277232
"tank",4.18565619732965,3,0.242101901074411
"sex",0.512441773192815,1,0.474083737359794
"L_R_bias",41.0606482389327,2,1.21281210571348e-09
"bin:genotype",14.3073289423196,10,0.159429247971596
