"","Chisq","Df","Pr(>Chisq)"
"genotype",6.78290535274896,2,0.0336597446509911
"bin",37.2288340647642,5,5.38895779056159e-07
"tank",7.76510470897209,3,0.0511241142194426
"sex",0.579754428727572,1,0.446408593126281
"genotype:bin",1.15527613250796,10,0.999667701591356
