"","Chisq","Df","Pr(>Chisq)"
"bin",19.0442726084123,5,0.00188597797312753
"genotype",2.65245103687139,2,0.265477412184912
"tank",3.75453843272622,3,0.289218541500071
"sex",4.54806137013393,1,0.0329560401627806
"L_R_bias",32.518032364696,2,8.68558332078785e-08
"bin:genotype",10.9001762397607,10,0.365347952536025
