"","Chisq","Df","Pr(>Chisq)"
"bin",18.5518908720741,5,0.00232863275861452
"genotype",3.15895633908085,2,0.206082610334153
"tank",5.55944762492904,3,0.135125912151656
"sex",5.25680219447807,1,0.0218611505371015
"L_R_bias",90.3693342995332,2,2.37984345453425e-20
"bin:genotype",12.8550095623985,10,0.231891776441969
