"","Chisq","Df","Pr(>Chisq)"
"bin",13.9683928245654,5,0.0158114404663041
"genotype",2.16129558291941,2,0.339375609801166
"tank",1.5890528771424,3,0.661874545986322
"sex",0.116780935058224,1,0.732552394853521
"L_R_bias",99.1433863413794,2,2.95996923641614e-22
"bin:genotype",15.2298430297758,10,0.123904181037705
